Crs & Sec,CRN,Title,Cred,Days,Times,Room,Instructor
AFR-101-0,10001,Intro to Africana Studies,1,TR,9:40 - 10:55 AM,LIB STUDIOD,Garcia-Rojas C
AFR-283-0,10529,"Islands, Arch & Blk Womns Lit",1,TR,1:40 - 2:55 PM,LIB STUDIOD,Gill-Sadler R
AFR-302-0,10540,Blk Wmn's Intellectual History,1,TR,8:15 - 9:30 AM,CHAM 1045,Green H
AFR-495-0,10514,Africana Capstone,1,W,1:30 - 4:20 PM,CHAM 1046,Green H
ANT-101-0,10003,Intro Cultural Anthropology,1,TR,9:40 - 10:55 AM,WATSON 147,Shuman S
ANT-102-0,10004,Humankind Evolving,1,TR,9:40 - 10:55 AM,WATSON 119,Cormier A
ANT-220-0,10547,"Religion, Society & Culture",1,TR,3:05 - 4:20 PM,WATSON 157,Shuman S
ANT-340-0,10008,Medical Anthropology,1,T,1:40 - 4:20 PM,CHAM 2196,Cormier A
ANT-373-0,10009,Decolonizing Anthro Theory,1,W,1:30 - 4:20 PM,WALL 243,Bowles L
ANT-490-0,10010,Sr Colloquium in Anthropology,1,T,1:40 - 4:20 PM,CHAM 1046,Bowles L
ARB-101-0,10012,Elementary Arabic I,1,MWF,9:30 - 10:20 AM,CHAM 3234,Joubin R
ARB-201-0,10013,Intermediate Arabic I,1,MWF,10:30 - 11:20 AM,CHAM 3234,Joubin R
ARB-326-0,10014,Political Parodies in Syria,1,MWF,8:30 - 9:20 AM,CHAM 3234,Joubin R
ART-100-0,10523,Survey of Western Art,1,MWF,8:30 - 9:20 AM,VAC 117,Martinez T
ART-101-A,10015,Basic Drawing,1,TR,9:40 - 10:55 AM,VAC 203,Starr T
ART-101-B,10016,Basic Drawing,1,TR,9:40 - 10:55 AM,VAC 223,Savage C
ART-103-0,10017,Basic Painting,1,T,1:40 - 4:20 PM,VAC 213,St Clair K
ART-105-0,10018,Introduction to Print Media,1,M,1:30 - 4:20 PM,VAC 104,Starr T
ART-107-0,10019,Introduction to Works on Paper,1,TR,12:15 - 1:30 PM,VAC 105,Starr T
ART-109-0,10020,Basic Sculpture,1,R,1:40 - 4:20 PM,VAC 106,Savage C
ART-111-A,10021,Introduction to Digital Art,1,TR,8:15 - 9:30 AM,VAC 212,Dietrick J
ART-111-B,10022,Introduction to Digital Art,1,TR,9:40 - 10:55 AM,VAC 212,Dietrick J
ART-126-0,10545,Survey of Western Architecture,1,MWF,12:30 - 1:20 PM,VAC 117,Hundley C
ART-206-0,10544,From Catacombs to Cathedrals,1,MWF,10:30 - 11:20 AM,VAC 117,Hundley C
ART-210-0,10525,Italian Renaissance,1,MWF,11:30 - 12:20 PM,VAC 117,Martinez T
ART-211-0,10023,Advanced Digital Art,1,TR,12:15 - 1:30 PM,VAC 212,Dietrick J
ART-218-0,10024,Modern Art from Rodin-Warhol,1,MWF,9:30 - 10:20 AM,VAC 117,Corso-Esquivel J
ART-400-0,10027,Perspectives in Art History,1,MWF,1:30 - 2:20 PM,VAC 108,Corso-Esquivel J
ART-401-0,10028,Senior Exhibition/Examination,1,W,1:30 - 4:20 PM,VAC 214,St Clair K
BIO-111-A,10029,"Molecules, Genes, & Cells",1,TR,9:40 - 10:55 AM,WALL 210,Bernd K
,,,,,,,
,,,,T,1:40 - 4:20 PM,WALL 104,
BIO-111-B,10030,"Molecules, Genes, & Cells",1,TR,9:40 - 10:55 AM,WALL 210,Bernd K
,,,,,,,
,,,,W,1:30 - 4:20 PM,WALL 104,
BIO-111-C,10031,"Molecules, Genes, & Cells",1,MWF,11:30 - 12:20 PM,WALL 210,Wessner D
,,,,,,,
,,,,M,1:30 - 4:20 PM,WALL 104,
BIO-111-D,10032,"Molecules, Genes, & Cells",1,MWF,11:30 - 12:20 PM,WALL 210,Wessner D
,,,,,,,
,,,,T,8:15 - 10:55 AM,WALL 104,
BIO-113-A,10033,Integrated Concepts in Bio I,1,MWF,10:30 - 11:20 AM,WALL 106,Campbell M
,,,,,,,
,,,,R,8:15 - 10:55 AM,WALL 104,
BIO-113-B,10034,Integrated Concepts in Bio I,1,MWF,10:30 - 11:20 AM,WALL 106,Campbell M
,,,,,,,
,,,,R,1:40 - 4:20 PM,WALL 104,
BIO-114-A,10035,Integr Concepts in Biology II,1,MWF,9:30 - 10:20 AM,WALL 243,Villa S
,,,,,,,
,,,,W,1:30 - 4:20 PM,WALL 245,
BIO-114-B,10036,Integr Concepts in Biology II,1,MWF,9:30 - 10:20 AM,WALL 243,Villa S
,,,,,,,
,,,,R,1:40 - 4:20 PM,WALL 245,
BIO-114-C,10037,Integr Concepts in Biology II,1,MWF,11:30 - 12:20 PM,WALL 243,Levasseur K
,,,,,,,
,,,,T,8:15 - 10:55 AM,WALL 245,
BIO-114-D,10038,Integr Concepts in Biology II,1,MWF,11:30 - 12:20 PM,WALL 243,Levasseur K
,,,,,,,
,,,,R,8:15 - 10:55 AM,WALL 245,
BIO-114-E,10039,Integr Concepts in Biology II,1,TR,12:15 - 1:30 PM,WALL 243,Wadgymar S
,,,,,,,
,,,,M,1:30 - 4:20 PM,WALL 245,
BIO-114-F,10040,Integr Concepts in Biology II,1,TR,12:15 - 1:30 PM,WALL 243,Wadgymar S
,,,,,,,
,,,,T,1:40 - 4:20 PM,WALL 245,
BIO-201-A,10043,Genetics,1,MWF,12:30 - 1:20 PM,WALL 106,El Bejjani R
,,,,,,,
,,,,R,8:15 - 10:55 AM,WALL 328,
BIO-201-B,10044,Genetics,1,MWF,12:30 - 1:20 PM,WALL 106,El Bejjani R
,,,,,,,
,,,,R,1:40 - 4:20 PM,WALL 328,
BIO-209-0,10045,Bioinformatics Programming,1,TR,12:15 - 1:30 PM,LIB B110,Heyer L
BIO-237-0,10047,Biodiversity & Conservation,1,MW,2:30 - 3:45 PM,WALL 210,Smith K
BIO-240-0,10048,Biostats for Life Scientists,1,TR,9:40 - 10:55 AM,WALL B05,Wadgymar S
BIO-260-0,10538,Biology of Water Pollution,1,MW,2:30 - 3:45 PM,WATSON 119,Spillman J
BIO-261-A,10049,Neuroscience of Exercise,1,TR,1:40 - 2:55 PM,WALL 210,Lom B
BIO-261-B,10050,Neuroscience of Exercise,1,TR,3:05 - 4:20 PM,WALL 210,Lom B
BIO-268-0,10051,Agroecology in Changing World,1,M,1:30 - 4:20 PM,WALL 143,Meier A
BIO-269-0,10052,"Genetics, Gender, Disability",1,TR,1:40 - 2:55 PM,WALL 106,Hales K
BIO-290-0,10543,GIS for Biologists,1,TR,8:15 - 9:30 AM,CHAM 3130,Spillman A
BIO-303-A,10053,Biochemistry,1,MWF,9:30 - 10:20 AM,WALL 210,Thurtle-Schmidt B
,,,,,,,
,,,,W,1:30 - 4:20 PM,WALL 316,
BIO-303-B,10054,Biochemistry,1,MWF,9:30 - 10:20 AM,WALL 210,Thurtle-Schmidt B
,,,,,,,
,,,,R,1:40 - 4:20 PM,WALL 316,
BIO-307-A,10055,Immunology,1,MWF,10:30 - 11:20 AM,WALL 243,Sarafova S
,,,,,,,
,,,,T,1:40 - 4:20 PM,WALL 218,
BIO-307-B,10056,Immunology,1,MWF,10:30 - 11:20 AM,WALL 243,Sarafova S
,,,,,,,
,,,,W,1:30 - 4:20 PM,WALL 218,
BIO-321-A,10057,Ecology,1,TR,12:15 - 1:30 PM,WALL 210,Meier A
,,,,,,,
,,,,T,1:40 - 4:20 PM,WALL 149,
BIO-321-B,10058,Ecology,1,TR,12:15 - 1:30 PM,WALL 210,Meier A
,,,,,,,
,,,,W,1:30 - 4:20 PM,WALL 149,
BIO-352-0,10059,Genetics of Mitochondr Shaping,1,W,1:30 - 4:20 PM,WALL 323,Hales K
BIO-361-0,10542,Bacterial Pathogenesis,1,TR,3:05 - 4:20 PM,WATSON 109,Sich J
BIO-365-A,10060,Biology of Cancer,1,TR,8:15 - 9:30 AM,WALL 307,Melonakos J
BIO-365-B,10061,Biology of Cancer,1,TR,12:15 - 1:30 PM,WALL 307,Melonakos J
CHE-106-A,10557,The Chemistry of Life,1,TR,12:15 - 1:30 PM,WALL 320,Alexander C
,,,,,,,
,,,,M,1:30 - 4:20 PM,WALL 335,
CHE-106-B,10558,The Chemistry of Life,1,TR,12:15 - 1:30 PM,WALL 320,Alexander C
,,,,,,,
,,,,T,1:40 - 4:20 PM,WALL 335,
CHE-115-A,10071,Principles of Chemistry,1,TR,8:15 - 9:30 AM,WALL 106,Striplin D
,,,,,,,
,,,,M,8:30 - 11:20 AM,WALL 110,
CHE-115-B,10072,Principles of Chemistry,1,TR,8:15 - 9:30 AM,WALL 106,Striplin D
,,,,,,,
,,,,M,1:30 - 4:20 PM,WALL 110,
CHE-115-C,10073,Principles of Chemistry,1,TR,9:40 - 10:55 AM,WALL 320,Fernandez-Torres L
,,,,,,,
,,,,W,8:30 - 11:20 AM,WALL 110,
CHE-115-D,10074,Principles of Chemistry,1,TR,9:40 - 10:55 AM,WALL 320,Fernandez-Torres L
,,,,,,,
,,,,W,1:30 - 4:20 PM,WALL 110,
CHE-115-E,10075,Principles of Chemistry,1,MWF,9:30 - 10:20 AM,WALL 106,Anstey M
,,,,,,,
,,,,T,8:15 - 10:55 AM,WALL 110,
CHE-115-F,10076,Principles of Chemistry,1,MWF,9:30 - 10:20 AM,WALL 106,Anstey M
,,,,,,,
,,,,T,1:40 - 4:20 PM,WALL 110,
CHE-115-G,10077,Principles of Chemistry,1,MWF,10:30 - 11:20 AM,WALL 320,El-Zaatari B
,,,,,,,
,,,,R,8:15 - 10:55 AM,WALL 110,
CHE-115-H,10078,Principles of Chemistry,1,MWF,10:30 - 11:20 AM,WALL 320,El-Zaatari B
,,,,,,,
,,,,R,1:40 - 4:20 PM,WALL 110,
CHE-220-A,10079,Intro to Analytical Chemistry,1,MWF,8:30 - 9:20 AM,WALL 106,Blauch D
,,,,,,,
,,,,M,1:30 - 4:20 PM,WALL 235,
CHE-220-B,10080,Intro to Analytical Chemistry,1,MWF,8:30 - 9:20 AM,WALL 106,Blauch D
,,,,,,,
,,,,T,1:40 - 4:20 PM,WALL 235,
CHE-220-C,10081,Intro to Analytical Chemistry,1,TR,9:40 - 10:55 AM,WALL 243,Hauser C
,,,,,,,
,,,,W,1:30 - 4:20 PM,WALL 235,
CHE-220-D,10082,Intro to Analytical Chemistry,1,TR,9:40 - 10:55 AM,WALL 243,Hauser C
,,,,,,,
,,,,R,1:40 - 4:20 PM,WALL 235,
CHE-250-A,10083,Intro to Organic Chemistry,1,MWF,9:30 - 10:20 AM,WALL 320,Key H
,,,,,,,
,,,,M,1:30 - 4:20 PM,WALL 310,
CHE-250-B,10084,Intro to Organic Chemistry,1,MWF,9:30 - 10:20 AM,WALL 320,Key H
,,,,,,,
,,,,T,8:15 - 10:55 AM,WALL 310,
CHE-250-C,10085,Intro to Organic Chemistry,1,MWF,8:30 - 9:20 AM,WALL 320,Stevens E
,,,,,,,
,,,,T,1:40 - 4:20 PM,WALL 310,
CHE-250-D,10086,Intro to Organic Chemistry,1,MWF,8:30 - 9:20 AM,WALL 320,Stevens E
,,,,,,,
,,,,W,1:30 - 4:20 PM,WALL 310,
CHE-260-A,10087,Thermodynamics and Kinetics,1,MWF,9:30 - 10:20 AM,WALL 351,Striplin D
,,,,,,,
,,,,M,1:30 - 4:20 PM,WALL 351,
CHE-260-B,10088,Thermodynamics and Kinetics,1,MWF,9:30 - 10:20 AM,WALL 351,Striplin D
,,,,,,,
,,,,T,1:40 - 4:20 PM,WALL 351,
CHE-330-A,10089,Experimental Biological Chem,1,TR,9:40 - 10:55 AM,WALL 351,Myers J
,,,,,,,
,,,,W,1:30 - 4:20 PM,WALL 335,
CHE-330-B,10090,Experimental Biological Chem,1,TR,9:40 - 10:55 AM,WALL 351,Myers J
,,,,,,,
,,,,R,1:40 - 4:20 PM,WALL 335,
CHE-350-A,10091,Experimental Organic Chem,1,MWF,8:30 - 9:20 AM,WALL 210,Snyder N
,,,,,,,
,,,,R,8:15 - 10:55 AM,WALL 310,
CHE-350-B,10092,Experimental Organic Chem,1,MWF,8:30 - 9:20 AM,WALL 210,Snyder N
,,,,,,,
,,,,R,1:40 - 4:20 PM,WALL 310,
CHE-374-0,10093,Medicinal Chemistry,1,MWF,10:30 - 11:20 AM,WALL 307,Stevens E
CHE-440-0,10094,Sem Inorganic Chemistry,1,W,1:30 - 4:20 PM,WALL 307,Anstey M
CHI-101-A,10095,Elementary Chinese I,1,MWF,10:30 - 11:20 AM,CHAM 1027,Tsai M
CHI-101-B,10096,Elementary Chinese I,1,MWF,11:30 - 12:20 PM,CHAM 1027,Tsai M
CHI-201-A,10097,Intermediate Chinese I,1,MWF,10:30 - 11:20 AM,CHAM 1015,Shao P
CHI-201-B,10098,Intermediate Chinese I,1,MWF,11:30 - 12:20 PM,CHAM 1015,Shao P
CHI-207-0,10099,Engendering ChineseCinema-trnl,1,R,1:40 - 4:20 PM,CHAM 3106,Shen V
CHI-301-0,10100,Advanced Chinese I,1,TR,9:40 - 10:55 AM,CHAM 2198,Shen V
CHI-353-0,10101,Adv Composition & Conversation,1,MWF,1:30 - 2:20 PM,CHAM 1086,Tsai M
CHI-401-0,10102,Advanced Chinese III,1,MWF,12:30 - 1:20 PM,CHAM 1015,Shao P
CIS-276-0,10539,Racial Justice Seminar,1,TR,12:15 - 1:30 PM,CHAM 1062,Ewoodzie J
CLA-111-0,10104,The Ancient World,1,MWF,9:30 - 10:20 AM,CHAM 1062,Krentz P
CLA-260-0,10515,Hell,1,TR,12:15 - 1:30 PM,CHAM 1003,McClellan A
CLA-336-0,10106,Augustus & the Roman Republic,1,TR,9:40 - 10:55 AM,CHAM 3106,Truetzel A
CLA-480-0,10107,Senior Research Seminar,1,R,1:40 - 4:20 PM,CHAM 1096,Truetzel A
COM-101-0,10108,Princ of Oral Communication,1,TR,12:15 - 1:30 PM,CHAM B027,Baugh S
COM-201-0,10109,Intro to Communication Studies,1,MWF,10:30 - 11:20 AM,CHAM 1006,Martinez A
COM-202-0,10110,Rhetorical Criticism,1,TR,9:40 - 10:55 AM,CHAM 1027,Baugh S
COM-204-0,10549,Debate & Deliberation,1,TR,12:15 - 1:30 PM,CHAM 1027,Bailey I
COM-273-0,10111,Reporting Politics & Elections,1,TR,1:40 - 2:55 PM,CHAM 1006,Bailey I
COM-330-0,10112,The Ignored and Forgotten,1,TR,3:05 - 4:20 PM,CHAM 1006,Bailey I
COM-495-0,10113,Comm Theory & Research,1,MWF,11:30 - 12:20 PM,CHAM 1006,Martinez A
COM-496-0,10548,Thesis I,1,MWF,11:30 - 12:20 PM,CHAM 1006,Martinez A
CSC-110-0,10114,Data Science & Society,1,TR,12:15 - 1:30 PM,WATSON 132,Pulaj J
CSC-121-A,10115,Programming & Problem Solving,1,MWF,9:30 - 10:20 AM,WATSON 132,Mendes H
CSC-121-B,10116,Programming & Problem Solving,1,TR,8:15 - 9:30 AM,WALL 380,Nemitz C
CSC-121-C,10117,Programming & Problem Solving,1,TR,9:40 - 10:55 AM,WALL 380,Nemitz C
CSC-209-0,10118,Bioinformatics Programming,1,TR,12:15 - 1:30 PM,LIB B110,Heyer L
CSC-220-A,10119,Discrete Structures,1,MWF,12:30 - 1:20 PM,CHAM 3106,Pulaj J
CSC-220-B,10120,Discrete Structures,1,MWF,1:30 - 2:20 PM,CHAM 3106,Pulaj J
CSC-221-A,10121,Data Structures,1,MW,2:30 - 3:45 PM,WALL B05,Peck T
CSC-221-B,10122,Data Structures,1,TR,1:40 - 2:55 PM,WATSON 132,Peck T
CSC-250-0,10123,Computer Organization,1,MW,8:05 - 9:20 AM,WATSON 132,Wiedenbeck B
CSC-321-0,10124,Analysis of Algorithms,1,MWF,9:30 - 10:20 AM,WATSON 147,Wiedenbeck B
CSC-352-0,10125,Blockchains,1,MWF,2:30 - 3:20 PM,WATSON 132,Mendes H
CSC-358-0,10126,Real-Time Systems,1,TR,1:40 - 2:55 PM,WATSON 119,Nemitz C
CSC-361-0,10127,Computer Graphics,1,TR,12:15 - 1:30 PM,WALL 380,Peck T
CSC-381-0,10129,Deep Learning,1,MW,2:30 - 3:45 PM,CHAM LRC,Wiedenbeck B
DAN-101-0,10130,Introduction to Dance Studies,1,TR,9:40 - 10:55 AM,CHAM 3187,Bory A
,,,,,,,
,,,,TR,9:40 - 10:55 AM,BAKER 1100,
DAN-140-0,10499,Movement Lab,1,MW,9:30 - 11:20 AM,BAKER 1100,Bory A
DAN-240-0,10132,Modern Dance Technique I,1,MW,2:30 - 4:20 PM,BAKER 1100,Bahr H
DAN-246-0,10133,Ballet Technique I,1,MW,11:30 - 1:20 PM,BAKER 1100,Bahr H
DIG-101-A,10134,Intro to Digital Studies,1,TR,1:40 - 2:55 PM,CHAM 3198,Sample M
DIG-101-B,10135,Intro to Digital Studies,1,MWF,9:30 - 10:20 AM,SLOAN 100,Heggestad J
DIG-210-0,10136,Data Culture,1,MWF,10:30 - 11:20 AM,CHAM 1003,Heggestad J
DIG-245-A,10501,Critical Web Design,1,MW,8:05 - 9:20 AM,VAC 212,Mundy O
DIG-245-B,10138,Critical Web Design,1,MW,2:30 - 3:45 PM,VAC 212,Mundy O
DIG-270-0,10139,"Digital Maps, Space & Place",1,TR,3:05 - 4:20 PM,CHAM 1003,Kabala J
ECO-101-A,10140,Introductory Economics,1,TR,9:40 - 10:55 AM,CHAM 1003,Kumar V
ECO-101-B,10541,Introductory Economics,1,MW,2:30 - 3:45 PM,WATSON 109,Martin D
ECO-101-C,10142,Introductory Economics,1,TR,8:15 - 9:30 AM,CHAM 2164,O'Keefe S
ECO-101-D,10143,Introductory Economics,1,TR,1:40 - 2:55 PM,CHAM HANCE,O'Keefe S
ECO-105-A,10145,Stats & Basic Econometrics,1,MWF,8:30 - 9:20 AM,WATSON 147,Martin D
ECO-105-B,10146,Stats & Basic Econometrics,1,MWF,10:30 - 11:20 AM,WATSON 140,Martin D
ECO-202-A,10147,Intermed Microeconomic Theory,1,TR,9:40 - 10:55 AM,DANA 146,Cools A
ECO-202-B,10148,Intermed Microeconomic Theory,1,TR,1:40 - 2:55 PM,CHAM 1003,Cools A
ECO-203-A,10149,Intermed Macroeconomic Theory,1,MWF,9:30 - 10:20 AM,CHAM 3155,Stroup C
ECO-203-B,10150,Intermed Macroeconomic Theory,1,MWF,1:30 - 2:20 PM,CHAM 2164,Stroup C
ECO-205-A,10151,Econometrics,1,MWF,8:30 - 9:20 AM,CHAM 2146,Foley M
,,,,,,,
,,,,T,12:15 - 1:30 PM,CHAM 3130,
ECO-205-B,10152,Econometrics,1,MWF,8:30 - 9:20 AM,CHAM 2146,Foley M
,,,,,,,
,,,,R,12:15 - 1:30 PM,CHAM 3130,
ECO-205-C,10153,Econometrics,1,MWF,9:30 - 10:20 AM,CHAM 1003,Foley M
,,,,,,,
,,,,T,1:40 - 2:55 PM,CHAM 3130,
ECO-205-D,10154,Econometrics,1,MWF,9:30 - 10:20 AM,CHAM 1003,Foley M
,,,,,,,
,,,,R,1:40 - 2:55 PM,CHAM 3130,
ECO-211-A,10155,Introduction to Accounting,1,MWF,8:30 - 9:20 AM,CHAM 2164,Baker B
ECO-211-B,10156,Introduction to Accounting,1,MWF,10:30 - 11:20 AM,CHAM 3155,Baker B
ECO-213-0,10157,Cost Accounting,1,MWF,12:30 - 1:20 PM,CHAM 3155,Baker B
ECO-219-0,10158,Game Theory/Strategic Behavior,1,MWF,10:30 - 11:20 AM,CHAM 2164,Foley M
ECO-238-O,10159,"Fin. Mkts, Inst & Policy",1,TR,12:15 - 1:30 PM,CHAM 1006,Kumar V
ECO-288-0,10160,Int'l Political Economy,1,TR,1:40 - 2:55 PM,CHAM 3155,Crandall B
ECO-337-0,10163,International Trade,1,MWF,11:30 - 12:20 PM,CHAM 2068,Gouri Suresh S
ECO-494-0,10165,Honors Thesis Research,1,MW,2:30 - 3:45 PM,CHAM 3084,Foley M
ECO-495-0,10166,Contemporary Economic Issues,1,MW,2:30 - 3:45 PM,CHAM 1045,Gouri Suresh S
EDU-121-0,10167,Foundations of American Educ,1,MWF,9:30 - 10:20 AM,CHAM 3084,Gay R
EDU-200-0,10168,Research Methods in Ed Studies,1,TR,9:40 - 10:55 AM,CHAM 3084,Marsicano C
EDU-208-0,10169,Comp & International Education,1,TR,1:40 - 2:55 PM,CHAM 3187,Marsicano C
EDU-234-0,10616,Child Psychopathology,1,TR,8:15 - 9:30 AM,WATSON 119,Stutts L
EDU-270-0,10170,Democracy and Education,1,MWF,11:30 - 12:20 PM,CHAM 2084,Gay R
EDU-300-0,10171,The Politics of Education,1,TR,3:05 - 4:20 PM,CHAM 3155,Murray B
EDU-330-0,10172,Sociology of Education,1,W,1:30 - 4:20 PM,CHAM 2068,Murray B
EDU-361-0,10534,Bilingualism & Schooling,1,M,1:30 - 4:20 PM,CHAM 1003,Fernandez R
ENG-110-A,10174,Video Game Talk,1,MW,8:05 - 9:20 AM,CHAM 1027,Jung J
ENG-110-B,10175,World's Greatest Short Stories,1,TR,1:40 - 2:55 PM,CHAM 2187,Kuzmanovich Z
ENG-110-C,10176,Contemporary American Fiction,1,TR,9:40 - 10:55 AM,SLOAN 201,Parker A
ENG-203-0,10177,Introduction to Writing Poetry,1,R,1:40 - 4:20 PM,CHAM 2209,Jung J
ENG-205-0,10178,Screenwriting,1,M,1:30 - 4:20 PM,CHAM B027,Benson R
ENG-211-0,10179,Filmmaking,1,R,1:40 - 4:20 PM,CHAM B027,Benson R
ENG-220-0,10180,Literary Analysis,1,MWF,9:30 - 10:20 AM,SLOAN 201,Fackler M
ENG-231-0,10181,Young Adult Lit,1,MWF,11:30 - 12:20 PM,CHAM 3084,Campbell S
ENG-242-0,10182,Womn's Work:Female Playwrights,1,MWF,12:30 - 1:20 PM,CUNN 109,Green S
ENG-261-0,10183,Modern Drama,1,TR,12:15 - 1:30 PM,WATSON 109,Fox A
ENG-290-0,10184,World Literatures,1,MWF,10:30 - 11:20 AM,WATSON 109,Flanagan B
ENG-291-0,10185,When Whites Write Black,1,MWF,12:30 - 1:20 PM,WATSON 147,Flanagan B
ENG-301-0,10186,Creative Nonfiction,1,W,1:30 - 4:20 PM,EU 101,Lewis C
ENG-307-I,10187,Forms of Fiction,1,T,1:40 - 4:20 PM,CHAM 3106,Parker A
ENG-360-0,10188,Desire,1,MWF,11:30 - 12:20 PM,CHAM 3106,Fackler M
ENG-380-0,10190,Studies in African Amer Lit,1,TR,9:40 - 10:55 AM,CHAM 1006,Gill-Sadler R
ENG-391-0,10191,Literary Criticism,1,TR,12:15 - 1:30 PM,CHAM 2187,Kuzmanovich Z
ENG-462-0,10192,Long Eighteenth-Century Gothic,1,M,1:30 - 4:20 PM,CHAM 3234,Vaz O
ENG-494-0,10193,Disability in Literature & Art,1,W,1:30 - 4:20 PM,WATSON 310,Fox A
ENG-498-0,10194,Honors Research,1,MWF,12:30 - 1:20 PM,CHAM 1096,Ingram R
ENV-201-A,10195,Environmental Science,1,MWF,12:30 - 1:20 PM,WALL 320,Chapman L
,,,,,,,
,,,,W,1:30 - 4:20 PM,WALL 116,
ENV-201-B,10196,Environmental Science,1,MWF,12:30 - 1:20 PM,WALL 320,Chapman L
,,,,,,,
,,,,R,1:40 - 4:20 PM,WALL 116,
ENV-202-0,10197,Environmental Social Sciences,1,TR,8:15 - 9:30 AM,WALL 243,Worl J
ENV-214-A,10198,"Energy, Environ, Engin Design",1,MWF,12:30 - 2:20 PM,DANA 220,Gfroerer T
ENV-214-B,10199,"Energy, Environ, Engin Design",1,MWF,12:30 - 2:20 PM,DANA 220,Gfroerer T
ENV-237-0,10200,Intro to Interdisciplinary GIS,1,M,8:30 - 11:20 AM,WALL 380,Chapman L
ENV-239-0,10201,Environmental Pollution,1,MWF,3:30 - 4:20 PM,WATSON 147,Ulus Y
ENV-242-0,10202,Political Ecology,1,TR,1:40 - 2:55 PM,CHAM 1062,Worl J
ENV-339-0,10203,Ecosystems and Biogeochemistry,1,TR,9:40 - 10:55 AM,WALL 251,Ulus Y
ENV-498-0,10204,Capstone,1,TR,3:05 - 4:20 PM,WALL 320,Merrill A
FMS-220-0,10205,Intro to Film & Media Studies,1,MWF,10:30 - 11:20 AM,CHAM 3068,McCarthy M
FRE-101-A,10206,Elementary French I,1,MWF,9:30 - 10:20 AM,CHAM 2198,Muzart T
FRE-101-B,10207,Elementary French I,1,MWF,9:30 - 10:20 AM,CHAM 2198,Muzart T
FRE-101-C,10208,Elementary French I,1,MWF,10:30 - 11:20 AM,CHAM 2198,Muzart T
FRE-101-D,10209,Elementary French I,1,MWF,10:30 - 11:20 AM,CHAM 2198,Muzart T
FRE-102-0,10210,Elementary French II,1,MWF,9:30 - 10:20 AM,CHAM 2130,Vredenburgh A
FRE-201-A,10211,Intermed Fre/HS Exposure,1,MWF,10:30 - 11:20 AM,CHAM 2130,Vredenburgh A
FRE-201-B,10212,Intermed Fre/Davidson Exposure,1,MWF,9:30 - 10:20 AM,CHAM 1045,Kruger C
FRE-201-C,10213,Intermed Fre/Davidson Exposure,1,MWF,10:30 - 11:20 AM,CHAM 1045,Kruger C
FRE-212-0,10214,Oral Expression,1,TR,9:40 - 10:55 AM,CHAM 2068,Postoli S
FRE-220-0,10215,Francophone Humanities,1,MWF,12:30 - 1:20 PM,CHAM 2198,Vredenburgh A
FRE-329-0,10217,Camus–Beauvoir–Sartre (transl),1,TR,12:15 - 1:30 PM,CHAM 2196,Postoli S
FRE-371-0,10218,Memorializing the Algerian War,1,T,1:40 - 4:20 PM,CHAM 1086,Muzart T
FRE-490-0,10222,Senior Seminar,1,T,1:40 - 4:20 PM,CHAM 1086,Muzart T
GER-101-A,10224,Elementary German I,1,MWF,12:30 - 1:20 PM,CHAM 1046,Frazier-Rath E
GER-101-B,10225,Elementary German I,1,MWF,11:30 - 12:20 PM,CHAM 3209,Frazier-Rath E
GER-201-A,10226,Intermediate German,1,MWF,12:30 - 1:20 PM,CHAM 3209,McCarthy M
GER-201-B,10227,Intermediate German,1,MWF,1:30 - 2:20 PM,CHAM 3209,McCarthy M
GER-231-0,10228,Black German Art (in transl),1,TR,1:40 - 2:55 PM,CHAM 3209,Frazier-Rath E
GER-260-0,10229,Intro German Cultural Studies,1,TR,9:40 - 10:55 AM,CHAM 2234,Henke B
GER-370-0,10230,Advanced Grammar & Comp,1,TR,12:15 - 1:30 PM,CHAM 1015,Henke B
GER-458-0,10231,Historical Fiction,1,F,1:30 - 4:20 PM,CHAM 1046,Henke B
GRE-201-0,10498,Intermediate Greek,1,MWF,12:30 - 1:20 PM,CHAM 3084,Krentz P
GRE-218-0,10232,New Testament Greek,1,MWF,12:30 - 1:20 PM,CHAM 3084,Krentz P
GRE-318-0,10497,Adv: New Testament Greek,1,MWF,12:30 - 1:20 PM,CHAM 3084,Krentz P
GSS-101-0,10233,Intro to Gender & Sexuality,1,MW,8:05 - 9:20 AM,WATSON 109,Gonzalez M
GSS-190-0,10562,Female Leardership Marvel Univ,1,TR,1:40 - 2:55 PM,WATSON 109,Simpson D
GSS-498-0,10235,GSS Senior Capstone,1,F,1:30 - 4:20 PM,WALL 210,Gonzalez M
HIS-112-0,10236,Medieval Europe,1,MW,2:30 - 3:45 PM,CHAM 2084,Kabala J
HIS-122-0,10532,Europe since 1789,1,MWF,11:30 - 12:20 PM,WATSON 109,Henry L
HIS-141-0,10238,19th Century US History,1,TR,9:40 - 10:55 AM,SLOAN 100,Stremlau R
HIS-142-0,10239,The United States since 1900,1,MWF,1:30 - 2:20 PM,CHAM 2084,Wertheimer J
HIS-175-0,10240,"Mid East,610-1453:Formtn Islam",1,MWF,9:30 - 10:20 AM,CHAM HANCE,Berkey J
HIS-183-0,10241,East Asian History to 1850,1,MWF,12:30 - 1:20 PM,CHAM 1062,Mortensen D
HIS-222-0,10242,Food and Empire,1,MWF,9:30 - 10:20 AM,CHAM 2187,Dietz V
HIS-248-0,10243,The Native South,1,TR,1:40 - 2:55 PM,SLOAN 100,Stremlau R
HIS-255-0,10244,American Popular Culture,1,TR,8:15 - 9:30 AM,CHAM 3209,Aldridge D
HIS-267-0,10245,Health & Society in Africa,1,TR,12:15 - 1:30 PM,CHAM 2198,Wiemers A
HIS-286-0,10246,Student Protests in China,1,MWF,10:30 - 11:20 AM,CHAM 3106,Mortensen D
HIS-328-0,10247,Rebels & Radicals in France,1,TR,9:40 - 10:55 AM,CHAM 2164,Tilburg P
HIS-337-0,10533,Anti-Semitism&Mod Eur,1,MWF,9:30 - 10:20 AM,CHAM 2164,Henry L
HIS-355-0,10248,American Legal History,1,MWF,10:30 - 11:20 AM,CHAM 3084,Wertheimer J
HIS-357-0,10249,The Civil Rights Movement,1,TR,12:15 - 1:30 PM,CHAM 2084,Aldridge D
HIS-375-0,10250,Nat/Col in Modern Arab World,1,TR,1:40 - 2:55 PM,CHAM 2084,Berkey J
HIS-480-0,10251,Senior Research Seminar,1,W,1:30 - 4:20 PM,CHAM HANCE,Dietz V
HIS-488-0,10255,Kelley Honors Seminar,1,W,1:30 - 4:20 PM,CHAM 2196,Stremlau R
HUM-103-0,10256,Connections and Conflicts I,2,TR,9:40 - 10:55 AM,CHAM HANCE,Boyer P
,,,,,,,
,,,,R,3:05 - 4:20 PM,CHAM HANCE,
HUM-195-0,10264,Adv Studies in Humanities I,1,T,3:05 - 4:20 PM,CHAM 1096,Boyer P
LAS-101-0,10265,Intro to Latin Amer Studies,1,TR,12:15 - 1:30 PM,CHAM 3155,Crandall B
LAT-101-0,10268,Elementary Latin I,1,MWF,10:30 - 11:20 AM,CHAM 1046,Truetzel A
LAT-201-A,10269,Intermediate Latin,1,MWF,8:30 - 9:20 AM,CHAM 1086,McClellan A
LAT-201-B,10270,Intermediate Latin,1,MWF,1:30 - 2:20 PM,CHAM 3068,McClellan A
LAT-221-0,10271,Roman Comedy,1,MWF,11:30 - 12:20 PM,CHAM 1003,Breitenfeld S
LAT-321-0,10272,Adv: Roman Comedy,1,MWF,11:30 - 12:20 PM,CHAM 1003,Breitenfeld S
MAT-111-0,10274,Calculus I - No Prev Exposure,1,MWF,9:30 - 10:20 AM,CHAM 1046,Blake H
MAT-112-A,10275,Calculus I and Modeling,1,MWF,12:30 - 1:20 PM,WATSON 109,Duhon A
MAT-112-B,10276,Calculus I and Modeling,1,MWF,1:30 - 2:20 PM,WATSON 140,Duhon A
MAT-113-A,10277,Calculus II,1,MWF,8:30 - 9:20 AM,CHAM 1003,Duhon A
MAT-113-B,10519,Calculus II,1,MWF,11:30 - 12:20 PM,WATSON 140,Molinek D
MAT-140-0,10278,Multivar Calculus & Modeling,1,MWF,1:30 - 2:20 PM,WATSON 119,Heyer L
MAT-150-A,10279,Linear Algebra,1,TR,8:15 - 9:30 AM,CHAM 1046,Chan F
,,,,,,,
,,,,TR,8:15 - 9:30 AM,LIB B110,
MAT-150-B,10280,Linear Algebra,1,TR,9:40 - 10:55 AM,CHAM 2084,Merriman C
,,,,,,,
,,,,TR,9:40 - 10:55 AM,LIB B110,
MAT-160-0,10281,Calculus III,1,TR,1:40 - 2:55 PM,WATSON 147,Merriman C
MAT-220-A,10282,Discrete Structures,1,MWF,12:30 - 1:20 PM,CHAM 3106,Pulaj J
MAT-220-B,10283,Discrete Structures,1,MWF,1:30 - 2:20 PM,CHAM 3106,Pulaj J
MAT-230-0,10284,Sets and Proofs,1,MWF,9:30 - 10:20 AM,CHAM 3187,Chan F
MAT-235-0,10285,Differential Equations,1,MWF,2:30 - 3:20 PM,WATSON 140,Molinek D
MAT-330-0,10286,Real Analysis I,1,TR,12:15 - 1:30 PM,CHAM 2130,Yerger C
MAT-340-0,10287,Probability,1,TR,8:15 - 9:30 AM,CHAM 1027,Yerger C
MAT-355-0,10288,Abstract Algebra I,1,MWF,11:30 - 12:20 PM,CHAM 1046,Blake H
MUS-101-0,10293,Music Theory,1,MWF,8:30 - 9:20 AM,SLOAN B011,Botelho M
MUS-121-0,10294,Music in Western Civilization,1,MWF,10:30 - 11:20 AM,SLOAN 201,Keith T
MUS-122-0,10295,Music of the United States,1,MWF,12:30 - 1:20 PM,SLOAN 201,Lerner N
MUS-201-0,10296,Harmony,1,MWF,9:30 - 10:20 AM,SLOAN B011,Botelho M
MUS-226-0,10297,Opera,1,TR,12:15 - 1:30 PM,SLOAN 201,Pyle M
MUS-265-A,10298,Intro Digital Music Comp,1,TR,9:40 - 10:55 AM,SLOAN B020,Stasack J
MUS-265-B,10299,Intro Digital Music Comp,1,TR,1:40 - 2:55 PM,SLOAN B020,Stasack J
MUS-401-0,10300,Senior Seminar,1,MW,2:30 - 3:45 PM,SLOAN 201,Lerner N
PBH-110-0,10301,Introduction to Public Health,1,TR,1:40 - 2:55 PM,WATSON 140,Bullock S
PBH-250-0,10302,Public Health Methods,1,TR,9:40 - 10:55 AM,WATSON 157,Bullock S
PBH-280-0,10303,Introduction to Global Health,1,MW,8:05 - 9:20 AM,WATSON 140,Chillag K
PBH-395-0,10502,Public Health Ethics,1,MW,2:30 - 3:45 PM,CHAM B022,Chillag K
PHI-105-0,10305,Ancient Greek Philosophy,1,MWF,8:30 - 9:20 AM,CHAM HANCE,Studtmann P
PHI-107-0,10306,Medieval Philosophy,1,MWF,12:30 - 1:20 PM,CHAM 2068,Griffith M
PHI-110-0,10307,Problems of Philosophy,1,TR,1:40 - 2:55 PM,WALL 243,Busch K
PHI-122-0,10308,Philosophy of Human Nature,1,TR,9:40 - 10:55 AM,CHAM 3234,Jankovic M
PHI-160-0,10309,Great Philosophers: Hume,1,MWF,1:30 - 2:20 PM,CHAM 1027,Studtmann P
PHI-200-0,10310,Symbolic Logic,1,MWF,10:30 - 11:20 AM,CHAM 2084,Studtmann P
PHI-211-0,10311,Theory of Knowledge,1,MWF,9:30 - 10:20 AM,CHAM 2068,Jankovic M
PHI-215-0,10312,Ethics,1,TR,8:15 - 9:30 AM,CHAM 2068,McKeever S
PHI-216-0,10313,Philosophy of Language,1,MW,2:30 - 3:45 PM,CHAM 2187,Jankovic M
PHI-220-0,10314,Political Philosophy,1,TR,3:05 - 4:20 PM,CHAM 1027,Layman D
PHI-235-0,10315,Existentialism,1,TR,12:15 - 1:30 PM,CHAM 2068,Griffith M
PHI-325-0,10316,Philosophy of Law,1,TR,1:40 - 2:55 PM,CHAM 1027,Layman D
PHI-350-0,10317,The Simulation Hypothesis,1,MWF,11:30 - 12:20 PM,CHAM 2198,Robb D
PHY-106-A,10318,Astronomy,1,MWF,1:30 - 3:20 PM,DANA 127,Thompson K
PHY-106-B,10319,Astronomy,1,MWF,1:30 - 3:20 PM,DANA 127,Thompson K
PHY-125-A,10320,General Phys I w/Calc Studio,1,MWF,8:30 - 10:20 AM,DANA 127,Belloni M
PHY-125-B,10321,General Phys I w/Calc Studio,1,MWF,8:30 - 10:20 AM,DANA 127,Belloni M
PHY-125-C,10527,Gen Physics w/Calc I: Studio,1,MWF,10:30 - 12:20 PM,DANA 127,Levy B
PHY-125-D,10528,Gen Physics w/Calc I: Studio,1,MWF,10:30 - 12:20 PM,DANA 127,Levy B
PHY-214-A,10322,"Energy, Environ, Engin Design",1,MWF,12:30 - 2:20 PM,DANA 220,Gfroerer T
PHY-214-B,10323,"Energy, Environ, Engin Design",1,MWF,12:30 - 2:20 PM,DANA 220,Gfroerer T
PHY-235-0,10324,General Phys II w/Calc Studio,1,MWF,12:30 - 2:20 PM,DANA 111,Belloni M
PHY-310-0,10325,Electronics & Instrumentation,1,TR,8:15 - 9:30 AM,DANA 256,Kuchera A
,,,,,,,
,,,,TR,1:40 - 4:20 PM,DANA 256,
PHY-320-A,10326,Intro to Modern Physics,1,MWF,9:30 - 10:20 AM,WATSON 140,Kuchera M
,,,,,,,
,,,,M,12:30 - 3:20 PM,DANA B054,
PHY-320-B,10327,Intro to Modern Physics,1,MWF,9:30 - 10:20 AM,WATSON 140,Yukich J
,,,,,,,
,,,,W,12:30 - 3:20 PM,DANA B054,
PHY-330-0,10328,Classical Mechanics,1,TR,12:15 - 1:30 PM,DANA 153,Levy B
PHY-360-0,10329,Quantum Mechanics I,1,TR,9:40 - 10:55 AM,WATSON 140,Kuchera M
PHY-400-0,10330,Statistical & Thermal Physics,1,MWF,10:30 - 11:20 AM,WATSON 147,Yukich J
POL-101-0,10537,Contemp Political Ideologies,1,TR,8:15 - 9:30 AM,CHAM 3106,Ahrensdorf P
POL-121-A,10332,American Politics,1,MWF,9:30 - 10:20 AM,WATSON 119,Crowder-Meyer M
POL-121-B,10333,American Politics,1,MWF,10:30 - 11:20 AM,WATSON 119,Crowder-Meyer M
POL-141-A,10334,Comparative Global Politics,1,TR,3:05 - 4:20 PM,CHAM 1062,Bullock G
POL-141-B,10335,Comparative Global Politics,1,MWF,9:30 - 10:20 AM,WATSON 109,Rigger S
POL-161-A,10336,Intro to Int'l Relations,1,TR,9:40 - 10:55 AM,CHAM 3068,Toska S
POL-161-B,10337,Intro to Int'l Relations,1,TR,12:15 - 1:30 PM,CHAM 3084,Toska S
POL-180-0,10338,Intro to Policy Analysis,1,TR,12:15 - 1:30 PM,CHAM 2164,Murray B
POL-182-A,10340,Intro to Research Methods,1,MWF,9:30 - 10:20 AM,WALL B05,Ceka B
POL-182-B,10341,Intro to Research Methods,1,MWF,10:30 - 11:20 AM,WALL B05,Ceka B
POL-202-0,10342,Classical Political Theory,1,MWF,9:30 - 10:20 AM,CHAM 2084,Ahrensdorf P
POL-203-0,10343,Medieval Political Theory,1,TR,9:40 - 10:55 AM,CHAM 3198,Shaw B
POL-204-0,10344,Modern Political Theory,1,MWF,10:30 - 11:20 AM,CHAM 2146,Shaw B
POL-220-0,10345,The U.S. Congress,1,MWF,11:30 - 12:20 PM,CHAM 2164,Roberts S
POL-238-0,10346,Topic: State & Local Politics,1,TR,1:40 - 2:55 PM,CHAM 3068,Yesnowitz J
POL-242-0,10347,West European Politics,1,MW,2:30 - 3:45 PM,CHAM 3068,Ceka B
POL-327-0,10348,Civil Liberties,1,TR,1:40 - 2:55 PM,CHAM 2164,O'Geen A
POL-347-0,10350,Politics of Development,1,MWF,12:30 - 1:20 PM,CHAM 1006,Menkhaus K
POL-361-0,10351,U.S.-Latin American Relations,1,T,1:40 - 4:20 PM,CHAM 3196,Crandall R
POL-362-0,10504,American Foreign Policy,1,MWF,9:30 - 10:20 AM,CHAM 1006,Menkhaus K
POL-401-0,10352,Thucydides Justice War,1,TR,12:15 - 1:30 PM,CHAM 3196,Ahrensdorf P
POL-423-0,10353,Politics of Reproduction,1,M,1:30 - 4:20 PM,CHAM 2196,Roberts S
POL-424-0,10354,Women In US Politics,1,R,1:40 - 4:20 PM,CHAM 1046,Crowder-Meyer M
POL-425-0,10355,Seminar: US Constitution,1,W,1:30 - 4:20 PM,CUNN 111,O'Geen A
PSY-101-A,10358,General Psychology,1,MWF,10:30 - 11:20 AM,WALL 210,Flaherty M
PSY-101-B,10359,General Psychology,1,MWF,11:30 - 12:20 PM,WALL 320,Bond A
PSY-101-D,10361,General Psychology,1,TR,1:40 - 2:55 PM,WALL 320,Boyd M
PSY-200-0,10362,Research Design & Statistics 1,1,MWF,10:30 - 11:20 AM,LIB B110,Gadaire D
PSY-231-0,10363,Abnormal Psychology,1,MWF,3:30 - 4:20 PM,WATSON 140,Sockol L
PSY-232-0,10364,Social Psychology,1,MWF,11:30 - 12:20 PM,WALL 106,Good J
PSY-234-0,10365,Child Psychopathology,1,TR,8:15 - 9:30 AM,WATSON 119,Stutts L
PSY-254-0,10366,Industrial/Organizational Psy,1,TR,12:15 - 1:30 PM,WALL 106,Boyd M
PSY-266-0,10367,Community Psychology,1,MWF,12:30 - 1:20 PM,WALL 243,Gadaire D
PSY-276-0,10368,Cognitive Psychology,1,MWF,9:30 - 10:20 AM,CHAM 3106,Bond A
PSY-300-0,10370,Research Design & Statistics 2,1,TR,8:15 - 9:30 AM,WALL B05,Eiler B
PSY-302-A,10505,Psy Research: Behavior Pharm,1,MWF,8:30 - 9:20 AM,CHAM 1045,Smith M
,,,,,,,
,,,,TR,8:15 - 9:30 AM,WALL B46,
PSY-302-B,10506,Psy Research: Behavior Pharm,1,MWF,8:30 - 9:20 AM,CHAM 1045,Smith M
,,,,,,,
,,,,TR,8:15 - 9:30 AM,WALL B46,
PSY-302-C,10507,Psy Research: Behavior Pharm,1,MWF,8:30 - 9:20 AM,CHAM 1045,Smith M
,,,,,,,
,,,,TR,9:40 - 10:55 AM,WALL B46,
PSY-302-D,10508,Psy Research: Behavior Pharm,1,MWF,8:30 - 9:20 AM,CHAM 1045,Smith M
,,,,,,,
,,,,TR,9:40 - 10:55 AM,WALL B46,